1, Which of these best describes an array?,A data structure that shows a hierarchical behavior,Container of objects of similar types,Arrays are immutable once initialised,Array is not a data structure,c
2, How do you initialize an array in C?,"int arr[3] = (1,2,3);","int arr(3) = {1,2,3};","int arr[3] = {1,2,3};","int arr(3) = (1,2,3);",c
3, How do you instantiate an array in Java?,int arr[] = new int(3);,int arr[];,int arr[] = new int[3];,int arr() = new int(3);,c
4, Which of the following is the correct way to declare a multidimensional array in Java?,int[] arr;,int arr[[]];,int[][]arr;,int[[]] arr;,a
9, When does the ArrayIndexOutOfBoundsException occur?,Compile-time,Run-time,Not an error,Not an exception at all,b
10, Which of the following concepts make extensive use of arrays?,Binary trees,Scheduling of processes,Caching,Spatial locality,d
11, What are the advantages of arrays?,Objects of mixed data types can be stored,Elements in an array cannot be sorted,Index of first element of an array is 1,Easier to store elements of same data type,a
12, What are the disadvantages of arrays?,Data structure like queue or stack cannot be implemented,There are chances of wastage of memory space if elements inserted in an array are lesser than the allocated size,Index value of an array can be negative,Elements are sequentially accessed,a
