{"0": {"statement": " \"options\": {\"a\": \"You cannot have the \\u2018next\\u2019 pointer point to null in a circular linked list\"", "options": {"a": " \"b\": \"It is faster to traverse the circular linked list\"", "b": " \"c\": \"You may or may not have the \\u2018next\\u2019 pointer point to null in a circular linked list\"", "c": " \"d\": \"Head node is known in circular linked list\"}", "d": " \"ans\": \"a\"}"}, "ans": " \"1\": {\"statement\": \" What is the time complexity of searching for an element in a circular linked list?\""}}