{"0": {"statement": " \"options\": {\"a\": \"uses of bitwise XOR operation to decrease storage requirements for doubly linked lists\"", "options": {"a": " \"b\": \"uses of bitwise XOR operation to decrease storage requirements for linked lists\"", "b": " \"c\": \"uses of bitwise operations to decrease storage requirements for doubly linked lists\"", "c": " \"d\": \"just another form of linked list\"}", "d": " \"ans\": \"a\"}"}, "ans": " \"1\": {\"statement\": \" What does a xor linked list have?\""}}