{"0": {"statement": " \"options\": {\"a\": \"B + tree allows only the rapid random access\"", "options": {"a": " \"b\": \"B + tree allows only the rapid sequential access\"", "b": " \"c\": \"B + tree allows rapid random access as well as rapid sequential access\"", "c": " \"d\": \"B + tree allows rapid random access and slower sequential access\"}", "d": " \"ans\": \"b\"}"}, "ans": " \"1\": {\"statement\": \" A B+ tree can contain a maximum of 7 pointers in a node. What is the minimum number of keys in leaves?\""}}