{"0": {"statement": " \"options\": {\"a\": \"a skip list in the form of tree\"", "options": {"a": " \"b\": \"a tree which obeys cartesian product\"", "b": " \"c\": \"a tree which obeys heap property and whose inorder traversal yields the given sequence\"", "c": " \"d\": \"a tree which obeys heap property only\"}", "d": " \"ans\": \"a\"}"}, "ans": " \"1\": {\"statement\": \" Which of the below statements are true?\\ni. Cartesian tree is not a height balanced tree\\nii. Cartesian tree of a sequence of unique numbers can be unique generated\""}}