{"0": {"statement": " \"options\": {\"a\": \"a color which is either red or black and root should always be black color only\"", "options": {"a": " \"b\": \"height of the tree\"", "b": " \"c\": \"pointer to next node\"", "c": " \"d\": \"a color which is either green or black\"}", "d": " \"ans\": \"a\"}"}, "ans": " \"1\": {\"statement\": \" Why do we impose restrictions like\\n . root property is black\\n . every leaf is black\\n . children of red node are black\\n . all leaves have same black\""}}