1," In a max-heap, element with the greatest key is always in the which node?",Leaf node,First node of left sub tree,root node,First node of right sub tree,a
3, What is the complexity of adding an element to the heap.,O(log n),O(h),O(log n) & O(h),O(n),a
4, The worst case complexity of deleting any arbitrary node value element from heap is __________,O(logn),O(n),O(nlogn),O(n2),a
5, Heap can be used as ________________,Priority queue,Stack,A decreasing order array,Normal Array,a
6," If we implement heap as min-heap, deleting root node (value 1)from the heap. What would be the value of root node after second iteration if leaf node (value 100)  is chosen to replace the root at start.
",2,100,17,3, 
7," If we implement heap as maximum heap , adding a new node of value 15 to the  left most node of right subtree. What value will be at  leaf nodes of the right subtree of the heap.
",15 and 1,25 and 1,3 and 1,2 and 3,b
